,Mixtec_Tokens,Spanish_Tokens,Mixtec_Human_Words,Spanish_Human_Words
count,20000.0,20000.0,20000.0,20000.0
mean,60.4924,20.891,22.0325,17.3089
std,29.86564816117347,11.136436593946941,10.92871060948085,9.07650262683798
min,0.0,0.0,0.0,0.0
25%,40.0,13.0,15.0,11.0
50%,58.0,20.0,21.0,17.0
75%,79.0,28.0,29.0,23.0
max,204.0,97.0,80.0,80.0
