,Mixtec_Tokens,Spanish_Tokens,Mixtec_Human_Words,Spanish_Human_Words
count,20000.0,20000.0,20000.0,20000.0
mean,65.61915,21.63105,22.0325,17.3089
std,32.19987181441478,11.39171253382136,10.92871060948085,9.07650262683798
min,0.0,0.0,0.0,0.0
25%,44.0,14.0,15.0,11.0
50%,64.0,21.0,21.0,17.0
75%,85.0,28.0,29.0,23.0
max,236.0,104.0,80.0,80.0
