,Mixtec_Tokens,Spanish_Tokens,Mixtec_Human_Words,Spanish_Human_Words
count,20000.0,20000.0,20000.0,20000.0
mean,61.33025,21.39025,22.0325,17.3089
std,30.14644299645925,11.307092794121429,10.92871060948085,9.07650262683798
min,0.0,0.0,0.0,0.0
25%,41.0,14.0,15.0,11.0
50%,60.0,20.0,21.0,17.0
75%,80.0,28.0,29.0,23.0
max,213.0,98.0,80.0,80.0
